<keymap version="1" name="Emacs custom" parent="Emacs">
  <action id="$Copy">
    <keyboard-shortcut first-keystroke="meta c" />
  </action>
  <action id="$Paste">
    <keyboard-shortcut first-keystroke="meta v" />
  </action>
  <action id="$Undo">
    <keyboard-shortcut first-keystroke="shift ctrl minus" />
    <keyboard-shortcut first-keystroke="ctrl slash" />
    <keyboard-shortcut first-keystroke="ctrl z" />
  </action>
  <action id="Editor Copy">
    <keyboard-shortcut first-keystroke="meta c" />
  </action>
  <action id="Editor Paste">
    <keyboard-shortcut first-keystroke="meta v" />
  </action>
  <action id="Editor Undo">
    <keyboard-shortcut first-keystroke="ctrl z" />
  </action>
  <action id="EditorEscape">
    <keyboard-shortcut first-keystroke="escape" second-keystroke="escape" />
  </action>
  <action id="EditorRight">
    <keyboard-shortcut first-keystroke="right" />
  </action>
  <action id="FindInPath">
    <keyboard-shortcut first-keystroke="ctrl g" />
  </action>
  <action id="GotoClass">
    <keyboard-shortcut first-keystroke="shift ctrl g" />
  </action>
  <action id="GotoDeclaration">
    <keyboard-shortcut first-keystroke="ctrl alt g" />
    <keyboard-shortcut first-keystroke="escape" second-keystroke="period" />
    <keyboard-shortcut first-keystroke="alt period" />
    <mouse-shortcut keystroke="meta button1" />
  </action>
  <action id="GotoFile">
    <keyboard-shortcut first-keystroke="ctrl f" />
  </action>
  <action id="Jdbc.OpenEditor.Files">
    <keyboard-shortcut first-keystroke="shift ctrl f" />
  </action>
  <action id="ShowReformatFileDialog">
    <keyboard-shortcut first-keystroke="ctrl alt l" />
  </action>
  <action id="Terminal.Escape">
    <keyboard-shortcut first-keystroke="escape" second-keystroke="escape" />
  </action>
</keymap>