<application>
  <component name="IgnoredPluginSuggestions">
    <option name="pluginIds">
      <list>
        <option value="com.intellij.dubbo" />
        <option value="com.intellij.spring.graphql" />
        <option value="com.intellij.spring.websocket" />
        <option value="com.intellij.spring.batch" />
        <option value="com.jetbrains.jax.ws" />
        <option value="com.intellij.bigdatatools.kafka" />
        <option value="com.intellij.aqua" />
        <option value="com.intellij.jsf" />
        <option value="com.intellij.javaee.ejb" />
      </list>
    </option>
  </component>
</application>